,CO,NO,NO2,NOx,O3,PM2.5
0,6.1,5.0,30.0,36.0,3.0,8.0
1,4.9,3.0,28.0,31.0,3.0,16.0
2,5.6,9.0,31.0,40.0,1.0,13.0
3,,,,,,12.0
4,6.0,21.0,30.0,51.0,1.0,14.0
5,7.9,63.0,31.0,94.0,1.0,13.0
6,9.8,82.0,34.0,115.0,2.0,15.0
7,9.3,89.0,35.0,124.0,2.0,18.0
8,7.9,74.0,33.0,107.0,3.0,19.0
9,5.4,46.0,29.0,75.0,7.0,13.0
10,3.9,26.0,24.0,49.0,12.0,8.0
11,4.3,22.0,24.0,46.0,15.0,9.0
12,3.6,8.0,18.0,26.0,25.0,6.0
13,3.6,7.0,18.0,26.0,29.0,4.0
14,3.2,3.0,13.0,16.0,35.0,7.0
15,3.4,2.0,12.0,14.0,34.0,8.0
16,3.6,2.0,15.0,17.0,28.0,7.0
17,3.6,1.0,15.0,17.0,18.0,8.0
18,4.0,2.0,17.0,19.0,14.0,8.0
19,3.9,1.0,17.0,18.0,10.0,13.0
20,4.2,1.0,18.0,19.0,8.0,17.0
21,5.8,5.0,23.0,29.0,4.0,9.0
22,6.3,8.0,23.0,32.0,2.0,12.0
23,3.6,1.0,13.0,14.0,10.0,12.0
24,2.8,0.0,10.0,10.0,14.0,7.0
25,3.2,1.0,13.0,14.0,10.0,5.0
26,2.9,0.0,13.0,14.0,9.0,5.0
27,,,,,,5.0
28,3.8,6.0,19.0,26.0,3.0,6.0
29,3.7,5.0,19.0,24.0,4.0,9.0
30,7.0,34.0,25.0,58.0,1.0,9.0
31,9.1,56.0,29.0,85.0,3.0,16.0
32,5.7,43.0,26.0,68.0,5.0,18.0
33,5.1,41.0,25.0,66.0,7.0,17.0
34,4.5,22.0,20.0,42.0,11.0,9.0
35,3.9,10.0,14.0,23.0,19.0,8.0
36,3.0,4.0,9.0,14.0,25.0,11.0
37,3.2,4.0,10.0,14.0,27.0,8.0
38,3.2,5.0,11.0,16.0,21.0,13.0
39,3.4,4.0,10.0,14.0,20.0,12.0
40,3.5,2.0,12.0,13.0,17.0,9.0
41,4.4,1.0,18.0,20.0,12.0,7.0
42,5.8,4.0,26.0,29.0,6.0,19.0
43,6.6,7.0,27.0,34.0,5.0,15.0
44,9.2,17.0,31.0,48.0,2.0,24.0
45,8.7,17.0,28.0,45.0,2.0,26.0
46,5.8,3.0,24.0,27.0,4.0,14.0
47,5.1,2.0,22.0,25.0,5.0,14.0
48,5.9,5.0,24.0,30.0,2.0,11.0
49,5.5,5.0,24.0,29.0,3.0,9.0
50,6.7,12.0,26.0,38.0,2.0,11.0
51,,,,,,11.0
52,4.8,9.0,22.0,30.0,2.0,10.0
53,5.0,13.0,22.0,35.0,1.0,7.0
54,5.3,20.0,24.0,44.0,2.0,8.0
55,8.4,39.0,29.0,68.0,4.0,14.0
56,6.2,24.0,22.0,46.0,9.0,13.0
57,4.7,16.0,19.0,34.0,12.0,11.0
58,4.5,17.0,21.0,37.0,14.0,8.0
59,4.2,9.0,17.0,26.0,22.0,8.0
60,2.8,2.0,7.0,9.0,32.0,7.0
61,2.4,2.0,6.0,7.0,31.0,4.0
62,3.1,3.0,9.0,13.0,25.0,8.0
63,3.0,3.0,10.0,13.0,21.0,9.0
64,4.0,2.0,15.0,17.0,16.0,10.0
65,4.7,1.0,19.0,21.0,9.0,12.0
66,5.5,2.0,23.0,25.0,6.0,16.0
67,6.7,5.0,25.0,30.0,5.0,20.0
68,6.0,3.0,24.0,26.0,5.0,25.0
69,6.8,6.0,25.0,31.0,2.0,17.0
70,7.3,9.0,26.0,34.0,2.0,14.0
71,8.6,16.0,25.0,41.0,3.0,21.0
72,4.1,0.0,14.0,14.0,11.0,13.0
73,4.2,0.0,13.0,13.0,13.0,12.0
74,2.4,0.0,3.0,4.0,24.0,14.0
75,,,,,,12.0
76,2.2,0.0,3.0,3.0,28.0,13.0
77,2.1,0.0,4.0,5.0,26.0,10.0
78,2.3,0.0,3.0,3.0,29.0,10.0
79,3.0,1.0,7.0,7.0,26.0,8.0
80,3.5,3.0,9.0,11.0,24.0,12.0
81,3.5,4.0,10.0,14.0,23.0,17.0
82,2.6,2.0,5.0,8.0,27.0,12.0
83,2.2,2.0,4.0,6.0,31.0,15.0
84,2.3,1.0,3.0,4.0,33.0,13.0
85,2.4,1.0,4.0,5.0,34.0,14.0
86,2.3,1.0,4.0,5.0,34.0,11.0
87,2.3,1.0,5.0,6.0,34.0,11.0
88,2.4,0.0,5.0,6.0,36.0,10.0
89,2.7,0.0,8.0,8.0,34.0,11.0
90,2.3,0.0,6.0,6.0,35.0,6.0
91,2.6,0.0,8.0,8.0,31.0,10.0
92,2.9,0.0,9.0,10.0,27.0,7.0
93,3.4,0.0,13.0,13.0,20.0,8.0
94,2.7,0.0,10.0,10.0,20.0,10.0
95,2.3,0.0,7.0,7.0,24.0,9.0
96,2.1,0.0,6.0,6.0,24.0,6.0
97,2.6,0.0,10.0,10.0,19.0,3.0
98,2.2,0.0,7.0,8.0,20.0,4.0
99,,,,,,6.0
100,3.1,2.0,19.0,21.0,7.0,4.0
101,4.1,8.0,22.0,30.0,3.0,6.0
102,5.8,20.0,24.0,44.0,2.0,6.0
103,9.0,39.0,29.0,68.0,4.0,12.0
104,5.4,22.0,24.0,46.0,9.0,15.0
105,5.1,27.0,24.0,51.0,10.0,14.0
106,5.3,30.0,26.0,56.0,11.0,15.0
107,3.9,12.0,16.0,28.0,22.0,10.0
108,2.7,3.0,8.0,11.0,30.0,10.0
109,2.8,3.0,8.0,10.0,33.0,8.0
110,2.9,3.0,8.0,11.0,32.0,13.0
111,3.0,1.0,7.0,9.0,33.0,11.0
112,3.4,1.0,11.0,12.0,29.0,9.0
113,4.9,1.0,20.0,21.0,18.0,10.0
114,4.2,0.0,16.0,16.0,20.0,14.0
115,3.7,0.0,15.0,16.0,21.0,12.0
116,3.7,0.0,15.0,16.0,21.0,11.0
117,6.5,2.0,27.0,29.0,8.0,16.0
118,5.9,1.0,26.0,28.0,6.0,18.0
119,4.7,1.0,20.0,21.0,11.0,13.0
120,4.4,1.0,23.0,24.0,8.0,10.0
121,4.2,1.0,22.0,23.0,7.0,11.0
122,4.9,2.0,25.0,27.0,3.0,9.0
123,,,,,,8.0
124,5.6,14.0,26.0,40.0,1.0,6.0
125,6.7,23.0,27.0,50.0,1.0,8.0
126,7.8,25.0,26.0,51.0,1.0,9.0
127,9.1,59.0,30.0,89.0,2.0,10.0
128,7.2,41.0,32.0,73.0,6.0,14.0
129,5.8,33.0,27.0,60.0,8.0,
130,5.6,30.0,29.0,59.0,12.0,17.0
131,5.5,24.0,30.0,54.0,15.0,14.0
132,4.3,14.0,26.0,40.0,23.0,13.0
133,4.5,10.0,24.0,34.0,27.0,7.0
134,4.5,5.0,15.0,20.0,29.0,8.0
135,3.4,3.0,13.0,16.0,31.0,7.0
136,3.4,1.0,13.0,14.0,27.0,9.0
137,3.9,2.0,16.0,18.0,23.0,9.0
138,5.4,2.0,28.0,30.0,13.0,9.0
139,6.2,3.0,27.0,30.0,14.0,9.0
140,8.2,9.0,37.0,46.0,3.0,15.0
141,5.8,3.0,27.0,30.0,8.0,15.0
142,7.6,7.0,31.0,39.0,3.0,17.0
143,7.7,9.0,31.0,40.0,2.0,20.0
144,7.0,11.0,31.0,42.0,2.0,14.0
145,6.4,15.0,32.0,47.0,2.0,13.0
146,,,,,,15.0
147,5.0,2.0,26.0,28.0,3.0,9.0
148,5.4,5.0,27.0,32.0,2.0,11.0
149,5.1,15.0,27.0,42.0,1.0,8.0
150,6.8,32.0,30.0,62.0,1.0,5.0
151,8.9,54.0,36.0,91.0,3.0,10.0
152,8.3,47.0,35.0,82.0,6.0,14.0
153,7.3,41.0,34.0,75.0,8.0,13.0
154,5.0,27.0,30.0,57.0,12.0,12.0
155,4.1,13.0,24.0,37.0,22.0,7.0
156,4.1,12.0,24.0,36.0,26.0,10.0
157,3.3,4.0,13.0,17.0,42.0,
158,3.7,4.0,13.0,18.0,33.0,11.0
159,3.4,2.0,9.0,10.0,36.0,10.0
160,3.6,1.0,11.0,12.0,33.0,7.0
161,4.5,1.0,16.0,17.0,22.0,16.0
162,6.6,2.0,27.0,29.0,10.0,17.0
163,8.0,8.0,35.0,43.0,5.0,24.0
164,9.0,11.0,37.0,49.0,3.0,17.0
165,9.6,18.0,40.0,58.0,4.0,16.0
166,9.3,16.0,41.0,56.0,3.0,22.0
167,6.8,3.0,35.0,39.0,6.0,15.0
168,4.6,1.0,25.0,26.0,12.0,10.0
169,3.8,0.0,21.0,21.0,15.0,7.0
170,3.5,0.0,19.0,20.0,17.0,7.0
171,,,,,,8.0
172,2.4,0.0,13.0,13.0,27.0,6.0
173,2.3,1.0,15.0,16.0,27.0,8.0
174,2.8,3.0,25.0,27.0,19.0,8.0
175,2.9,4.0,19.0,23.0,25.0,7.0
176,2.9,7.0,18.0,25.0,26.0,9.0
177,,,,,,6.0
178,,,,,,8.0
179,,,,,,4.0
180,,,,,,3.0
181,,,,,,17.0
182,,,,,,20.0
183,5.6,2.0,20.0,22.0,45.0,49.0
184,6.1,2.0,26.0,27.0,37.0,50.0
185,7.6,1.0,36.0,37.0,23.0,41.0
186,9.8,4.0,45.0,49.0,11.0,62.0
187,11.6,11.0,51.0,62.0,6.0,63.0
188,10.4,9.0,45.0,54.0,7.0,59.0
189,10.6,9.0,48.0,57.0,4.0,55.0
190,9.3,10.0,40.0,50.0,7.0,39.0
191,8.2,3.0,38.0,41.0,6.0,29.0
192,9.9,12.0,41.0,54.0,2.0,32.0
193,9.5,14.0,39.0,53.0,3.0,42.0
194,11.4,7.0,25.0,32.0,18.0,105.0
195,,,,,,140.0
196,11.3,0.0,15.0,15.0,23.0,119.0
197,11.9,1.0,19.0,20.0,18.0,122.0
198,12.5,4.0,26.0,30.0,13.0,130.0
199,11.3,7.0,29.0,36.0,12.0,105.0
200,10.3,4.0,21.0,24.0,23.0,97.0
201,10.8,3.0,18.0,21.0,30.0,111.0
202,8.8,2.0,17.0,19.0,39.0,85.0
203,8.2,2.0,15.0,17.0,49.0,76.0
204,7.9,2.0,18.0,19.0,53.0,82.0
205,6.6,3.0,24.0,27.0,36.0,54.0
206,5.5,2.0,21.0,24.0,32.0,42.0
207,4.6,2.0,23.0,26.0,26.0,25.0
208,5.7,2.0,31.0,34.0,17.0,19.0
209,7.5,9.0,44.0,54.0,5.0,21.0
210,6.3,2.0,34.0,36.0,14.0,22.0
211,8.0,8.0,43.0,51.0,5.0,25.0
212,8.1,7.0,43.0,50.0,4.0,27.0
213,8.2,6.0,42.0,48.0,3.0,28.0
214,8.2,12.0,43.0,55.0,2.0,30.0
215,9.0,14.0,41.0,55.0,2.0,34.0
216,9.9,16.0,37.0,54.0,2.0,65.0
217,9.5,7.0,32.0,39.0,3.0,74.0
218,10.3,12.0,34.0,46.0,2.0,76.0
219,,,,,,87.0
220,10.8,9.0,31.0,40.0,2.0,117.0
221,10.5,8.0,30.0,38.0,2.0,104.0
222,10.7,11.0,31.0,42.0,2.0,100.0
223,10.0,14.0,30.0,44.0,4.0,88.0
224,10.7,21.0,31.0,52.0,6.0,91.0
225,7.6,7.0,21.0,28.0,14.0,65.0
226,8.0,4.0,18.0,22.0,21.0,78.0
227,8.6,3.0,19.0,22.0,22.0,83.0
228,9.4,3.0,19.0,22.0,26.0,91.0
229,9.7,2.0,18.0,20.0,35.0,98.0
230,10.4,1.0,18.0,19.0,40.0,113.0
231,9.7,1.0,18.0,19.0,46.0,101.0
232,10.1,1.0,24.0,24.0,36.0,87.0
233,13.6,1.0,47.0,48.0,16.0,100.0
234,12.7,1.0,37.0,38.0,23.0,111.0
235,13.0,0.0,40.0,41.0,17.0,117.0
236,13.5,1.0,45.0,46.0,10.0,125.0
237,14.3,2.0,49.0,51.0,7.0,126.0
238,14.1,3.0,49.0,51.0,6.0,111.0
239,12.8,2.0,42.0,44.0,8.0,110.0
240,12.6,2.0,41.0,43.0,5.0,108.0
241,12.2,1.0,38.0,39.0,6.0,115.0
242,12.4,2.0,36.0,37.0,5.0,124.0
243,,,,,,136.0
244,12.1,3.0,29.0,33.0,5.0,132.0
245,13.7,14.0,33.0,47.0,2.0,134.0
246,12.1,9.0,32.0,41.0,2.0,124.0
247,9.5,9.0,33.0,42.0,8.0,78.0
248,6.5,5.0,17.0,23.0,25.0,43.0
249,5.2,1.0,9.0,10.0,39.0,44.0
250,5.3,1.0,9.0,10.0,44.0,47.0
251,5.6,1.0,11.0,12.0,50.0,55.0
252,6.0,1.0,9.0,10.0,54.0,76.0
253,6.2,1.0,8.0,8.0,54.0,81.0
254,6.1,1.0,9.0,10.0,52.0,71.0
255,5.7,1.0,10.0,11.0,49.0,60.0
256,6.5,0.0,13.0,13.0,46.0,78.0
257,7.1,0.0,13.0,13.0,46.0,95.0
258,6.0,0.0,11.0,12.0,43.0,63.0
259,6.5,0.0,16.0,17.0,37.0,66.0
260,8.1,1.0,27.0,28.0,29.0,86.0
261,10.8,2.0,41.0,43.0,13.0,82.0
262,10.3,0.0,32.0,33.0,20.0,96.0
263,9.5,0.0,24.0,24.0,26.0,99.0
264,9.5,0.0,28.0,28.0,20.0,100.0
265,8.4,1.0,23.0,24.0,19.0,88.0
266,8.4,0.0,24.0,24.0,16.0,79.0
267,,,,,,76.0
268,8.6,6.0,29.0,35.0,8.0,83.0
269,8.7,7.0,30.0,36.0,7.0,79.0
270,9.1,6.0,33.0,39.0,9.0,75.0
271,10.7,33.0,45.0,79.0,4.0,78.0
272,10.1,21.0,39.0,60.0,13.0,84.0
273,9.3,10.0,29.0,39.0,23.0,77.0
274,8.5,4.0,23.0,27.0,36.0,79.0
275,8.4,4.0,22.0,26.0,46.0,83.0
276,8.2,3.0,23.0,26.0,50.0,79.0
277,7.8,2.0,19.0,20.0,60.0,80.0
278,7.6,1.0,19.0,20.0,65.0,72.0
279,8.2,2.0,26.0,27.0,57.0,73.0
280,9.6,1.0,30.0,31.0,46.0,84.0
281,12.0,5.0,55.0,60.0,18.0,90.0
282,13.4,6.0,66.0,71.0,6.0,89.0
283,12.5,6.0,65.0,70.0,6.0,91.0
284,11.8,2.0,58.0,60.0,9.0,90.0
285,12.2,3.0,59.0,62.0,8.0,94.0
286,12.8,6.0,61.0,67.0,3.0,85.0
287,11.8,4.0,52.0,56.0,5.0,80.0
288,10.3,2.0,47.0,49.0,4.0,88.0
289,10.1,1.0,37.0,38.0,9.0,95.0
290,10.1,1.0,32.0,33.0,11.0,97.0
291,,,,,,96.0
292,10.1,2.0,38.0,40.0,4.0,95.0
293,11.1,13.0,44.0,58.0,2.0,93.0
294,12.4,34.0,50.0,84.0,2.0,87.0
295,13.5,42.0,53.0,95.0,3.0,86.0
296,11.5,24.0,47.0,72.0,11.0,92.0
297,8.1,5.0,30.0,35.0,28.0,78.0
298,8.4,7.0,29.0,36.0,29.0,83.0
299,8.3,4.0,26.0,31.0,36.0,81.0
300,7.6,4.0,31.0,35.0,33.0,67.0
301,6.5,3.0,23.0,27.0,38.0,49.0
302,6.4,3.0,23.0,27.0,41.0,50.0
303,7.4,3.0,29.0,32.0,37.0,54.0
304,9.1,1.0,34.0,35.0,35.0,78.0
305,11.5,7.0,57.0,64.0,11.0,82.0
306,13.3,12.0,63.0,75.0,5.0,88.0
307,14.3,43.0,65.0,107.0,3.0,88.0
308,14.0,15.0,61.0,76.0,6.0,87.0
309,11.4,3.0,55.0,58.0,8.0,80.0
310,10.2,1.0,44.0,45.0,13.0,74.0
311,9.1,2.0,38.0,40.0,14.0,71.0
312,10.6,6.0,47.0,53.0,4.0,77.0
313,9.8,5.0,42.0,47.0,6.0,85.0
314,,,,,,78.0
315,8.7,1.0,31.0,31.0,9.0,81.0
316,8.3,2.0,32.0,34.0,9.0,83.0
317,8.5,3.0,35.0,38.0,6.0,79.0
318,8.8,16.0,38.0,54.0,2.0,67.0
319,9.6,29.0,40.0,70.0,3.0,65.0
320,9.6,39.0,45.0,84.0,6.0,63.0
321,8.6,28.0,38.0,65.0,10.0,62.0
322,9.5,14.0,34.0,48.0,19.0,92.0
323,9.4,8.0,29.0,37.0,30.0,93.0
324,10.6,4.0,28.0,32.0,45.0,133.0
325,8.5,3.0,23.0,26.0,46.0,97.0
326,7.6,2.0,20.0,22.0,45.0,84.0
327,8.9,3.0,25.0,27.0,43.0,100.0
328,10.6,1.0,30.0,32.0,39.0,117.0
329,12.5,1.0,47.0,48.0,20.0,116.0
330,15.4,6.0,59.0,66.0,7.0,120.0
331,16.2,8.0,61.0,69.0,7.0,140.0
332,14.5,11.0,62.0,73.0,4.0,128.0
333,15.9,22.0,64.0,85.0,3.0,129.0
334,14.5,20.0,58.0,78.0,2.0,143.0
335,13.0,24.0,56.0,79.0,2.0,112.0
336,13.0,15.0,53.0,68.0,2.0,124.0
337,13.3,14.0,50.0,64.0,2.0,131.0
338,12.5,7.0,46.0,53.0,2.0,126.0
339,,,,,,101.0
340,9.4,7.0,38.0,44.0,3.0,87.0
341,9.8,13.0,39.0,52.0,2.0,74.0
342,10.1,19.0,42.0,61.0,2.0,72.0
343,12.8,42.0,45.0,87.0,2.0,75.0
344,12.2,38.0,45.0,83.0,4.0,94.0
345,10.4,17.0,36.0,53.0,14.0,117.0
346,10.2,10.0,31.0,41.0,20.0,126.0
347,11.6,6.0,31.0,37.0,30.0,151.0
348,13.5,5.0,34.0,39.0,39.0,189.0
349,12.9,3.0,29.0,32.0,47.0,181.0
350,13.9,2.0,27.0,29.0,49.0,198.0
351,14.3,3.0,31.0,34.0,44.0,204.0
352,13.8,1.0,29.0,30.0,42.0,196.0
353,13.7,1.0,33.0,34.0,34.0,189.0
354,13.6,1.0,30.0,31.0,33.0,188.0
355,13.5,1.0,34.0,35.0,26.0,184.0
356,15.4,3.0,49.0,52.0,9.0,178.0
357,15.4,1.0,47.0,49.0,10.0,171.0
358,14.4,1.0,40.0,41.0,15.0,167.0
359,13.9,0.0,35.0,36.0,17.0,168.0
360,13.5,1.0,38.0,39.0,12.0,161.0
361,13.3,1.0,37.0,38.0,13.0,162.0
362,12.2,0.0,31.0,32.0,15.0,158.0
363,,,,,,155.0
364,11.6,1.0,33.0,35.0,12.0,155.0
365,13.2,4.0,38.0,43.0,7.0,172.0
366,15.6,10.0,44.0,54.0,3.0,195.0
367,16.5,41.0,49.0,90.0,3.0,194.0
368,16.6,40.0,48.0,87.0,6.0,203.0
369,15.0,25.0,41.0,65.0,13.0,191.0
370,14.4,7.0,29.0,36.0,25.0,196.0
371,14.2,6.0,31.0,37.0,30.0,190.0
372,15.1,8.0,40.0,48.0,29.0,208.0
373,16.4,4.0,39.0,43.0,42.0,241.0
374,16.8,5.0,47.0,52.0,33.0,235.0
375,16.2,5.0,52.0,57.0,24.0,207.0
376,14.5,3.0,44.0,47.0,28.0,160.0
377,15.4,2.0,52.0,54.0,15.0,151.0
378,16.2,6.0,59.0,65.0,8.0,152.0
379,16.1,9.0,57.0,65.0,6.0,144.0
380,16.8,10.0,56.0,66.0,4.0,153.0
381,15.3,4.0,50.0,53.0,7.0,154.0
382,15.6,9.0,47.0,56.0,6.0,163.0
383,15.2,11.0,45.0,56.0,4.0,159.0
384,9.2,1.0,28.0,29.0,9.0,104.0
385,9.7,1.0,29.0,29.0,7.0,95.0
386,12.0,10.0,35.0,45.0,2.0,94.0
387,,,,,,62.0
388,6.1,0.0,17.0,17.0,13.0,55.0
389,5.8,0.0,16.0,16.0,12.0,49.0
390,5.9,1.0,18.0,19.0,10.0,52.0
391,10.6,22.0,27.0,49.0,6.0,133.0
392,11.7,20.0,33.0,53.0,7.0,124.0
393,10.6,7.0,27.0,34.0,16.0,125.0
394,9.5,5.0,20.0,25.0,25.0,111.0
395,7.5,2.0,13.0,15.0,36.0,81.0
396,6.7,2.0,11.0,13.0,43.0,73.0
397,6.1,1.0,9.0,10.0,48.0,61.0
398,5.8,1.0,8.0,9.0,46.0,56.0
399,5.8,0.0,7.0,7.0,47.0,61.0
400,5.6,0.0,8.0,9.0,44.0,55.0
401,5.4,0.0,10.0,10.0,40.0,46.0
402,5.2,0.0,11.0,11.0,37.0,39.0
403,4.7,0.0,9.0,9.0,40.0,38.0
404,4.9,0.0,10.0,11.0,36.0,34.0
405,5.5,0.0,12.0,12.0,33.0,42.0
406,6.3,0.0,16.0,17.0,26.0,46.0
407,6.8,0.0,21.0,21.0,16.0,37.0
408,6.5,0.0,21.0,21.0,15.0,37.0
409,5.9,0.0,18.0,19.0,15.0,32.0
410,6.4,0.0,18.0,19.0,14.0,45.0
411,,,,,,45.0
412,7.1,0.0,22.0,22.0,11.0,54.0
413,6.5,3.0,24.0,27.0,11.0,59.0
414,6.2,3.0,22.0,25.0,12.0,65.0
415,5.7,14.0,28.0,42.0,8.0,64.0
416,5.7,9.0,22.0,30.0,14.0,59.0
417,6.5,4.0,19.0,22.0,20.0,68.0
418,6.3,2.0,13.0,16.0,31.0,68.0
419,6.3,2.0,14.0,16.0,34.0,66.0
420,6.5,2.0,10.0,12.0,40.0,71.0
421,6.7,2.0,12.0,14.0,39.0,61.0
422,7.8,2.0,19.0,21.0,38.0,68.0
423,7.7,3.0,27.0,30.0,30.0,72.0
424,7.4,1.0,28.0,30.0,24.0,64.0
425,8.1,3.0,37.0,40.0,15.0,57.0
426,6.6,1.0,22.0,23.0,24.0,49.0
427,6.5,1.0,26.0,27.0,16.0,39.0
428,7.5,1.0,32.0,33.0,9.0,45.0
429,8.2,1.0,32.0,33.0,8.0,50.0
430,9.0,4.0,37.0,41.0,3.0,53.0
431,8.6,15.0,44.0,59.0,1.0,48.0
432,8.5,4.0,32.0,35.0,8.0,63.0
433,8.5,1.0,28.0,29.0,7.0,83.0
434,9.1,1.0,28.0,30.0,6.0,86.0
435,,,,,,94.0
436,11.2,3.0,30.0,33.0,9.0,104.0
437,10.2,2.0,32.0,34.0,8.0,113.0
438,11.6,15.0,42.0,58.0,2.0,107.0
439,12.8,43.0,48.0,90.0,2.0,114.0
440,10.3,36.0,42.0,77.0,7.0,97.0
441,9.8,14.0,35.0,48.0,18.0,97.0
442,9.3,8.0,25.0,33.0,28.0,91.0
443,9.3,7.0,29.0,35.0,33.0,85.0
444,9.6,5.0,31.0,35.0,37.0,86.0
445,10.3,7.0,40.0,47.0,31.0,88.0
446,12.3,10.0,56.0,67.0,20.0,104.0
447,10.7,5.0,51.0,56.0,25.0,92.0
448,12.1,4.0,56.0,60.0,16.0,85.0
449,15.8,16.0,69.0,85.0,2.0,94.0
450,19.2,42.0,69.0,111.0,2.0,94.0
451,13.3,7.0,54.0,62.0,4.0,98.0
452,13.9,7.0,52.0,59.0,5.0,119.0
453,14.2,6.0,50.0,56.0,5.0,136.0
454,13.4,14.0,49.0,62.0,4.0,133.0
455,11.0,5.0,46.0,51.0,3.0,120.0
456,10.5,8.0,39.0,48.0,5.0,102.0
457,8.6,5.0,30.0,35.0,6.0,90.0
458,9.6,9.0,36.0,45.0,2.0,92.0
459,,,,,,97.0
460,12.2,25.0,42.0,68.0,1.0,93.0
461,11.3,19.0,41.0,60.0,1.0,90.0
462,10.2,27.0,37.0,64.0,1.0,84.0
463,13.9,78.0,43.0,122.0,2.0,79.0
464,13.7,67.0,48.0,114.0,4.0,84.0
465,8.6,30.0,34.0,64.0,10.0,76.0
466,7.4,15.0,28.0,43.0,20.0,77.0
467,7.3,13.0,29.0,42.0,24.0,72.0
468,6.7,6.0,23.0,30.0,34.0,57.0
469,6.0,3.0,19.0,22.0,44.0,45.0
470,6.2,3.0,21.0,24.0,42.0,40.0
471,5.8,3.0,29.0,32.0,33.0,38.0
472,7.1,3.0,40.0,42.0,21.0,37.0
473,9.2,6.0,56.0,62.0,4.0,45.0
474,8.4,1.0,43.0,44.0,16.0,45.0
475,9.6,3.0,44.0,47.0,10.0,46.0
476,11.8,21.0,53.0,74.0,1.0,50.0
477,7.6,2.0,41.0,43.0,9.0,43.0
478,8.6,2.0,45.0,47.0,4.0,43.0
479,9.5,6.0,46.0,52.0,2.0,45.0
480,8.9,1.0,37.0,38.0,10.0,55.0
481,8.3,0.0,33.0,33.0,12.0,55.0
482,,,,,,40.0
483,6.5,0.0,21.0,22.0,16.0,39.0
484,6.2,0.0,23.0,23.0,15.0,31.0
485,4.4,1.0,22.0,23.0,15.0,17.0
486,4.0,1.0,20.0,21.0,14.0,14.0
487,4.1,3.0,23.0,26.0,12.0,13.0
488,3.8,3.0,20.0,23.0,13.0,12.0
489,4.7,9.0,23.0,32.0,9.0,12.0
490,3.9,5.0,16.0,21.0,15.0,10.0
491,4.0,4.0,14.0,18.0,15.0,
492,3.8,2.0,12.0,14.0,19.0,-1.0
493,3.4,1.0,8.0,9.0,27.0,-2.0
494,3.6,1.0,9.0,11.0,27.0,0.0
495,3.3,1.0,6.0,7.0,30.0,2.0
496,3.2,0.0,6.0,7.0,30.0,1.0
497,3.2,0.0,6.0,7.0,30.0,1.0
498,3.2,0.0,5.0,6.0,32.0,4.0
499,3.3,0.0,6.0,6.0,30.0,3.0
500,3.3,1.0,7.0,8.0,28.0,5.0
501,3.2,0.0,6.0,6.0,32.0,3.0
502,2.9,0.0,4.0,4.0,34.0,3.0
503,2.9,0.0,4.0,4.0,35.0,4.0
504,2.8,0.0,4.0,4.0,35.0,4.0
505,2.7,0.0,2.0,2.0,38.0,3.0
506,2.7,0.0,2.0,3.0,37.0,2.0
507,,,,,,1.0
508,2.7,0.0,3.0,4.0,36.0,2.0
509,3.0,0.0,6.0,6.0,34.0,3.0
510,3.3,0.0,6.0,6.0,36.0,2.0
511,3.0,0.0,8.0,9.0,31.0,2.0
512,2.9,1.0,6.0,6.0,35.0,3.0
513,2.8,1.0,4.0,5.0,38.0,3.0
514,2.7,1.0,3.0,4.0,38.0,3.0
515,2.6,0.0,3.0,3.0,37.0,2.0
516,2.7,0.0,3.0,3.0,37.0,3.0
517,2.6,0.0,3.0,3.0,37.0,5.0
518,2.5,0.0,3.0,3.0,38.0,4.0
519,2.5,0.0,2.0,3.0,38.0,4.0
520,2.7,0.0,3.0,3.0,37.0,5.0
521,2.8,0.0,3.0,3.0,36.0,2.0
522,2.8,0.0,3.0,3.0,35.0,1.0
523,2.8,0.0,4.0,4.0,34.0,3.0
524,2.7,0.0,2.0,3.0,36.0,2.0
525,2.6,0.0,2.0,2.0,37.0,-1.0
526,2.8,0.0,3.0,3.0,37.0,0.0
527,3.1,2.0,7.0,8.0,33.0,1.0
528,3.4,1.0,9.0,10.0,29.0,2.0
529,3.0,4.0,5.0,8.0,34.0,1.0
530,2.7,0.0,4.0,4.0,38.0,-1.0
531,,,,,,1.0
532,2.9,0.0,6.0,6.0,30.0,2.0
533,3.1,0.0,8.0,8.0,25.0,2.0
534,3.7,0.0,14.0,14.0,16.0,1.0
535,3.4,1.0,11.0,12.0,16.0,4.0
536,3.6,2.0,14.0,16.0,14.0,4.0
537,3.3,1.0,9.0,10.0,18.0,3.0
538,3.1,1.0,6.0,6.0,30.0,3.0
539,2.9,0.0,4.0,4.0,35.0,3.0
540,3.0,0.0,4.0,4.0,35.0,4.0
541,2.9,0.0,3.0,4.0,36.0,5.0
542,2.9,0.0,4.0,4.0,36.0,5.0
543,3.0,0.0,4.0,5.0,35.0,3.0
544,3.1,0.0,4.0,4.0,36.0,2.0
545,3.1,0.0,5.0,5.0,35.0,3.0
546,3.3,0.0,5.0,5.0,35.0,3.0
547,3.0,0.0,4.0,4.0,36.0,3.0
548,3.0,0.0,4.0,4.0,36.0,5.0
549,2.9,0.0,3.0,3.0,36.0,9.0
550,2.9,0.0,3.0,3.0,36.0,8.0
551,2.8,0.0,3.0,3.0,36.0,6.0
552,2.8,0.0,2.0,3.0,36.0,3.0
553,2.9,0.0,3.0,3.0,34.0,-1.0
554,2.8,0.0,3.0,3.0,34.0,0.0
555,,,,,,0.0
556,2.6,0.0,4.0,4.0,31.0,0.0
557,2.7,0.0,4.0,4.0,31.0,-1.0
558,2.7,1.0,4.0,4.0,31.0,-2.0
559,3.1,1.0,10.0,12.0,24.0,-2.0
560,3.2,2.0,7.0,9.0,30.0,0.0
561,2.9,1.0,4.0,4.0,34.0,2.0
562,2.9,1.0,3.0,4.0,36.0,4.0
563,2.9,1.0,4.0,4.0,35.0,3.0
564,2.9,1.0,4.0,4.0,34.0,4.0
565,2.9,1.0,3.0,4.0,35.0,4.0
566,3.0,1.0,4.0,5.0,33.0,2.0
567,3.1,1.0,4.0,5.0,30.0,1.0
568,3.1,1.0,6.0,7.0,30.0,3.0
569,3.6,0.0,9.0,9.0,27.0,5.0
570,5.1,0.0,16.0,16.0,16.0,6.0
571,6.8,2.0,25.0,26.0,6.0,15.0
572,7.0,4.0,27.0,32.0,2.0,13.0
573,6.5,2.0,25.0,27.0,4.0,13.0
574,5.5,1.0,20.0,21.0,5.0,10.0
575,5.5,3.0,20.0,22.0,4.0,12.0
576,6.3,6.0,21.0,27.0,2.0,9.0
577,6.5,7.0,19.0,26.0,1.0,9.0
578,6.4,9.0,19.0,28.0,1.0,10.0
579,,,,,,7.0
580,4.7,2.0,15.0,16.0,3.0,6.0
581,4.3,1.0,14.0,15.0,4.0,8.0
582,4.5,6.0,15.0,22.0,5.0,8.0
583,4.1,8.0,18.0,26.0,4.0,8.0
584,4.2,14.0,17.0,31.0,4.0,14.0
585,4.1,12.0,16.0,28.0,7.0,18.0
586,4.0,12.0,14.0,26.0,10.0,14.0
587,3.7,9.0,10.0,19.0,13.0,15.0
588,3.8,12.0,12.0,24.0,12.0,14.0
589,4.6,18.0,16.0,34.0,12.0,10.0
590,4.3,15.0,15.0,30.0,13.0,11.0
591,3.8,2.0,9.0,11.0,22.0,10.0
592,3.7,1.0,9.0,10.0,20.0,7.0
593,4.9,2.0,21.0,23.0,7.0,6.0
594,6.0,4.0,24.0,28.0,5.0,6.0
595,5.8,2.0,22.0,25.0,6.0,6.0
596,5.3,3.0,23.0,25.0,5.0,9.0
597,5.0,3.0,21.0,24.0,3.0,9.0
598,6.2,8.0,21.0,29.0,1.0,7.0
599,5.8,6.0,20.0,26.0,2.0,7.0
600,4.7,5.0,18.0,23.0,1.0,6.0
601,4.6,13.0,21.0,33.0,1.0,4.0
602,6.8,23.0,18.0,41.0,1.0,12.0
603,,,,,,10.0
604,6.5,23.0,16.0,39.0,1.0,7.0
605,6.1,34.0,23.0,57.0,1.0,10.0
606,4.7,22.0,19.0,41.0,1.0,8.0
607,4.8,34.0,16.0,50.0,1.0,10.0
608,4.5,33.0,16.0,50.0,3.0,11.0
609,5.3,33.0,18.0,51.0,4.0,10.0
610,4.9,23.0,17.0,40.0,7.0,9.0
611,4.8,17.0,18.0,34.0,10.0,12.0
612,4.8,14.0,16.0,30.0,11.0,9.0
613,5.1,15.0,20.0,35.0,12.0,16.0
614,5.2,9.0,19.0,27.0,15.0,14.0
615,4.6,7.0,17.0,24.0,17.0,13.0
616,4.5,3.0,16.0,18.0,13.0,9.0
617,5.0,1.0,18.0,19.0,11.0,8.0
618,7.7,7.0,27.0,34.0,2.0,12.0
619,5.7,5.0,25.0,30.0,5.0,13.0
620,5.0,2.0,21.0,24.0,6.0,12.0
621,6.4,5.0,24.0,29.0,2.0,10.0
622,6.4,10.0,23.0,34.0,1.0,12.0
623,5.0,7.0,15.0,21.0,8.0,11.0
624,3.3,0.0,5.0,6.0,19.0,8.0
625,3.0,0.0,5.0,5.0,22.0,7.0
626,3.1,0.0,6.0,6.0,22.0,7.0
627,,,,,,9.0
628,3.7,1.0,16.0,17.0,12.0,8.0
629,4.8,2.0,18.0,20.0,10.0,7.0
630,5.4,8.0,20.0,28.0,7.0,9.0
631,5.9,13.0,27.0,39.0,5.0,11.0
632,3.8,1.0,10.0,11.0,25.0,5.0
633,3.6,1.0,9.0,10.0,27.0,0.0
634,3.4,1.0,7.0,8.0,29.0,0.0
635,3.6,2.0,8.0,10.0,27.0,1.0
636,4.3,4.0,12.0,16.0,19.0,9.0
637,4.8,3.0,16.0,19.0,14.0,13.0
638,6.5,9.0,25.0,34.0,8.0,19.0
639,6.4,4.0,22.0,26.0,9.0,14.0
640,6.4,4.0,24.0,27.0,6.0,17.0
641,5.5,2.0,21.0,24.0,7.0,11.0
642,4.9,2.0,18.0,19.0,11.0,9.0
643,4.7,1.0,15.0,17.0,12.0,14.0
644,5.1,1.0,17.0,18.0,9.0,16.0
645,4.9,1.0,17.0,18.0,10.0,10.0
646,4.8,0.0,15.0,15.0,11.0,11.0
647,4.6,1.0,14.0,15.0,11.0,11.0
648,4.8,1.0,14.0,15.0,10.0,9.0
649,4.7,1.0,14.0,15.0,11.0,8.0
650,,,,,,9.0
651,3.8,0.0,9.0,10.0,16.0,10.0
652,3.3,0.0,8.0,8.0,20.0,6.0
653,3.6,0.0,8.0,9.0,23.0,3.0
654,4.1,2.0,17.0,19.0,14.0,7.0
655,4.2,3.0,19.0,22.0,14.0,4.0
656,4.0,3.0,17.0,20.0,20.0,6.0
657,,,,,,6.0
658,,,,,,5.0
659,,,,,,6.0
660,,,,,,8.0
661,,,,,,8.0
662,2.4,2.0,7.0,9.0,31.0,8.0
663,2.8,2.0,9.0,11.0,30.0,7.0
664,3.0,1.0,13.0,14.0,27.0,4.0
665,3.6,0.0,13.0,14.0,22.0,5.0
666,3.6,1.0,18.0,19.0,18.0,6.0
667,2.6,1.0,8.0,8.0,27.0,3.0
668,2.5,0.0,6.0,7.0,27.0,2.0
669,2.3,0.0,5.0,5.0,26.0,3.0
670,2.1,0.0,3.0,4.0,29.0,1.0
671,1.9,0.0,1.0,1.0,36.0,1.0
672,1.9,0.0,1.0,1.0,38.0,1.0
673,1.9,0.0,1.0,1.0,39.0,4.0
674,1.9,0.0,1.0,1.0,41.0,5.0
675,,,,,,7.0
676,1.8,0.0,1.0,2.0,40.0,11.0
677,1.9,0.0,1.0,1.0,40.0,12.0
678,1.9,0.0,2.0,3.0,39.0,7.0
679,2.1,0.0,3.0,3.0,39.0,6.0
680,2.2,0.0,3.0,3.0,40.0,7.0
681,2.3,1.0,3.0,4.0,40.0,7.0
682,2.3,1.0,3.0,4.0,40.0,10.0
683,2.3,1.0,4.0,5.0,40.0,6.0
684,2.3,1.0,5.0,6.0,40.0,5.0
685,2.4,1.0,5.0,6.0,40.0,7.0
686,2.5,1.0,6.0,7.0,38.0,5.0
687,2.5,1.0,6.0,7.0,37.0,4.0
688,2.7,1.0,6.0,7.0,37.0,3.0
689,2.7,1.0,6.0,7.0,35.0,4.0
690,2.8,1.0,6.0,6.0,33.0,4.0
691,2.8,1.0,6.0,7.0,30.0,6.0
692,2.6,0.0,5.0,5.0,31.0,8.0
693,2.8,1.0,3.0,4.0,30.0,10.0
694,2.6,0.0,3.0,4.0,31.0,8.0
695,2.4,0.0,3.0,4.0,32.0,9.0
696,2.1,0.0,3.0,3.0,34.0,9.0
697,2.0,0.0,3.0,3.0,34.0,8.0
698,1.9,0.0,2.0,3.0,35.0,8.0
699,,,,,,8.0
700,1.9,1.0,4.0,5.0,32.0,6.0
701,2.0,1.0,7.0,8.0,30.0,6.0
702,2.6,1.0,11.0,13.0,26.0,11.0
703,3.1,3.0,17.0,21.0,22.0,10.0
704,2.9,4.0,14.0,17.0,25.0,9.0
705,2.7,5.0,11.0,16.0,28.0,8.0
706,2.0,3.0,6.0,9.0,32.0,7.0
707,2.0,2.0,5.0,7.0,33.0,4.0
708,2.0,2.0,5.0,8.0,32.0,6.0
709,2.3,2.0,5.0,6.0,33.0,6.0
710,2.2,2.0,5.0,7.0,33.0,5.0
711,2.3,1.0,6.0,7.0,33.0,9.0
712,2.8,1.0,9.0,10.0,30.0,9.0
713,2.9,1.0,9.0,10.0,29.0,7.0
714,2.7,1.0,9.0,9.0,30.0,5.0
715,2.6,1.0,7.0,7.0,33.0,5.0
716,2.7,0.0,6.0,7.0,33.0,6.0
717,2.8,0.0,8.0,8.0,31.0,3.0
718,3.2,1.0,10.0,10.0,28.0,4.0
719,3.4,0.0,11.0,11.0,25.0,5.0
